,Ant,Node,A Priori Status,Auto Metrics Flags,Dead Fraction in Ant Metrics (Jee),Dead Fraction in Ant Metrics (Jnn),Crossed Fraction in Ant Metrics,ee Shape Modified Z-Score,nn Shape Modified Z-Score,ee Power Modified Z-Score,nn Power Modified Z-Score,ee Temporal Variability Modified Z-Score,nn Temporal Variability Modified Z-Score,ee Temporal Discontinuties Modified Z-Score,nn Temporal Discontinuties Modified Z-Score,Average Dead Ant Metric (Jee),Average Dead Ant Metric (Jnn),Average Crossed Ant Metric
0,"<a href=""https://htmlpreview.github.io/?https://github.com/HERA-Team/H6C_Notebooks/blob/main/antenna_report/antenna_3_report.html"" target=""_blank"">3</a>",N01,digital_ok,1.0,1.0,1.0,0.0,10.511608947507396,14.457762090434597,11.170375866150147,12.030476735493021,5.8587513250710685,7.187026078990657,1.5816983790210426,2.2566763189936423,0.02880911425133565,0.030893410527126096,0.0027511526545672886
1,"<a href=""https://htmlpreview.github.io/?https://github.com/HERA-Team/H6C_Notebooks/blob/main/antenna_report/antenna_4_report.html"" target=""_blank"">4</a>",N01,RF_maintenance,1.0,0.0,0.0,0.0,1.1559956609994058,0.48237595388629556,5.423504091281516,-1.3211008814886758,-0.7243882051518596,0.1624832262812565,1.7791211160019422,0.09586357416261271,0.5367836560788767,0.5858020890376859,0.3796356757921973
2,"<a href=""https://htmlpreview.github.io/?https://github.com/HERA-Team/H6C_Notebooks/blob/main/antenna_report/antenna_5_report.html"" target=""_blank"">5</a>",N01,digital_ok,0.0,0.0,0.0,0.0,1.7435723405840968,1.4711302292052562,0.6556946931783352,0.44336330207649616,0.49756792444623477,1.5165034662761,0.6785952106032018,0.5437725668773628,0.5802596343084775,0.5818098138483458,0.3625879272900532
3,"<a href=""https://htmlpreview.github.io/?https://github.com/HERA-Team/H6C_Notebooks/blob/main/antenna_report/antenna_7_report.html"" target=""_blank"">7</a>",N02,digital_ok,1.0,1.0,1.0,0.0,,,inf,inf,,,,,,,
4,"<a href=""https://htmlpreview.github.io/?https://github.com/HERA-Team/H6C_Notebooks/blob/main/antenna_report/antenna_8_report.html"" target=""_blank"">8</a>",N02,RF_maintenance,1.0,1.0,1.0,0.0,,,inf,inf,,,,,,,
5,"<a href=""https://htmlpreview.github.io/?https://github.com/HERA-Team/H6C_Notebooks/blob/main/antenna_report/antenna_9_report.html"" target=""_blank"">9</a>",N02,digital_ok,1.0,1.0,1.0,0.0,236.91365895131568,236.8866013831403,inf,inf,2557.26667437856,2613.7074317975826,7000.303203524173,7409.513405443398,,,
6,"<a href=""https://htmlpreview.github.io/?https://github.com/HERA-Team/H6C_Notebooks/blob/main/antenna_report/antenna_10_report.html"" target=""_blank"">10</a>",N02,digital_ok,1.0,1.0,1.0,0.0,,,inf,inf,,,,,,,
7,"<a href=""https://htmlpreview.github.io/?https://github.com/HERA-Team/H6C_Notebooks/blob/main/antenna_report/antenna_15_report.html"" target=""_blank"">15</a>",N01,digital_ok,1.0,1.0,1.0,0.0,10.764806685261924,14.176340089146596,10.561993850623688,11.400954447974588,5.863838102102011,7.190720912959357,0.852384601004644,1.2210605701249317,0.027637554527480207,0.026257403345232702,0.0017472061035403597
8,"<a href=""https://htmlpreview.github.io/?https://github.com/HERA-Team/H6C_Notebooks/blob/main/antenna_report/antenna_16_report.html"" target=""_blank"">16</a>",N01,digital_ok,1.0,1.0,0.0,0.0,10.778179768739037,-0.6933376726097749,11.136699351080887,1.1168910806997487,5.859861533281288,2.0321854806709565,1.4847048833463716,2.927535707955618,0.03232704166154375,0.5940713934549997,0.4594106978030973
9,"<a href=""https://htmlpreview.github.io/?https://github.com/HERA-Team/H6C_Notebooks/blob/main/antenna_report/antenna_17_report.html"" target=""_blank"">17</a>",N01,digital_ok,1.0,0.0,1.0,0.0,1.1982907246126417,13.585021325359088,0.9243385686529787,12.028409295609436,0.721548622764283,7.216365687114559,1.3268523627373339,1.7056120058212894,0.5891404665652976,0.042933553322283435,0.5067715119217759
10,"<a href=""https://htmlpreview.github.io/?https://github.com/HERA-Team/H6C_Notebooks/blob/main/antenna_report/antenna_18_report.html"" target=""_blank"">18</a>",N01,RF_maintenance,1.0,1.0,0.5210583153347732,0.0,11.430409026477548,16.811267795991917,11.119392476659952,0.23130018270423836,5.943672725049197,3.244688596335414,1.4776596310527574,15.052428901785067,0.029773930692065596,0.21762781931001837,0.1632318073937501
11,"<a href=""https://htmlpreview.github.io/?https://github.com/HERA-Team/H6C_Notebooks/blob/main/antenna_report/antenna_19_report.html"" target=""_blank"">19</a>",N02,digital_ok,1.0,1.0,1.0,0.0,,,inf,inf,,,,,,,
12,"<a href=""https://htmlpreview.github.io/?https://github.com/HERA-Team/H6C_Notebooks/blob/main/antenna_report/antenna_20_report.html"" target=""_blank"">20</a>",N02,digital_ok,1.0,1.0,1.0,0.0,,,inf,inf,,,,,,,
13,"<a href=""https://htmlpreview.github.io/?https://github.com/HERA-Team/H6C_Notebooks/blob/main/antenna_report/antenna_21_report.html"" target=""_blank"">21</a>",N02,digital_ok,1.0,1.0,1.0,0.0,,,inf,inf,,,,,,,
14,"<a href=""https://htmlpreview.github.io/?https://github.com/HERA-Team/H6C_Notebooks/blob/main/antenna_report/antenna_22_report.html"" target=""_blank"">22</a>",N06,not_connected,0.0,0.0,0.0,0.0,-0.7088218129824558,-0.3450837155241075,0.033925601825153036,-0.2992803056930139,0.544883996451331,0.6690801152705239,-0.2501311078641312,-1.217716039476666,0.5644516480188911,0.5770979842084636,0.34515264297909576
15,"<a href=""https://htmlpreview.github.io/?https://github.com/HERA-Team/H6C_Notebooks/blob/main/antenna_report/antenna_27_report.html"" target=""_blank"">27</a>",N01,RF_maintenance,1.0,1.0,1.0,0.0,10.075866282415486,13.532035310070846,11.178366524672327,11.82406487942597,5.939831877464752,7.247335797965517,3.452270433415365,2.8115749578869282,0.03557254946952302,0.039474224970287526,0.005744634588384278
16,"<a href=""https://htmlpreview.github.io/?https://github.com/HERA-Team/H6C_Notebooks/blob/main/antenna_report/antenna_28_report.html"" target=""_blank"">28</a>",N01,RF_maintenance,1.0,0.0,0.8272138228941684,0.0,8.134090305096533,23.927734200064627,0.42837918537622,3.6773958558195385,4.665249521589709,3.8132877689211444,4.189043410685388,17.859480811665836,0.3531819952972657,0.15817104172792046,0.25097714583472464
17,"<a href=""https://htmlpreview.github.io/?https://github.com/HERA-Team/H6C_Notebooks/blob/main/antenna_report/antenna_29_report.html"" target=""_blank"">29</a>",N01,digital_ok,1.0,1.0,1.0,0.0,10.823294509011221,13.965538611460126,10.763694523745144,11.413016375149311,5.925715146988054,7.225755403770556,1.4993189980097401,1.0999173593044596,0.029572760790750423,0.0372655066579435,0.007877272260853387
18,"<a href=""https://htmlpreview.github.io/?https://github.com/HERA-Team/H6C_Notebooks/blob/main/antenna_report/antenna_30_report.html"" target=""_blank"">30</a>",N01,digital_ok,0.0,0.0,0.0,0.0,0.8429187346651469,0.16909326084679469,1.233277256603643,-1.1785443868893766,1.9871626922601335,0.38109007796371874,2.1151487000940157,-0.35538153577833176,0.5917906750007768,0.6146655790341911,0.36851206172523115
19,"<a href=""https://htmlpreview.github.io/?https://github.com/HERA-Team/H6C_Notebooks/blob/main/antenna_report/antenna_31_report.html"" target=""_blank"">31</a>",N02,digital_ok,1.0,1.0,1.0,0.0,,,inf,inf,,,,,,,
20,"<a href=""https://htmlpreview.github.io/?https://github.com/HERA-Team/H6C_Notebooks/blob/main/antenna_report/antenna_32_report.html"" target=""_blank"">32</a>",N02,RF_maintenance,1.0,1.0,1.0,0.0,,,inf,inf,,,,,,,
21,"<a href=""https://htmlpreview.github.io/?https://github.com/HERA-Team/H6C_Notebooks/blob/main/antenna_report/antenna_34_report.html"" target=""_blank"">34</a>",N06,not_connected,1.0,1.0,1.0,0.0,12.380324902385135,15.15970855044741,5.487744301524239,6.014276077234256,5.90111265469637,7.19188288006223,1.7457953620051605,1.358184345461475,0.035129439543146214,0.04711437027700478,0.008592549145963023
22,"<a href=""https://htmlpreview.github.io/?https://github.com/HERA-Team/H6C_Notebooks/blob/main/antenna_report/antenna_35_report.html"" target=""_blank"">35</a>",N06,not_connected,0.0,0.0,0.0,0.0,0.7048282479550995,-0.6975565104655792,1.1549883525141684,-1.4409288401366138,0.2030575867449067,-0.8670972710386815,-2.037086140679034,-0.31605968400477186,0.5766046346624888,0.5754106335879428,0.33632086354377994
23,"<a href=""https://htmlpreview.github.io/?https://github.com/HERA-Team/H6C_Notebooks/blob/main/antenna_report/antenna_36_report.html"" target=""_blank"">36</a>",N03,RF_maintenance,1.0,0.0,0.0,0.0,7.206912822098495,8.210305747541087,1.2262026021999979,1.103588564665184,0.6732511246093259,1.9475352280316127,0.16851942579925053,1.0575711647741473,0.5835221345177225,0.5912845207741455,0.3705275534217646
24,"<a href=""https://htmlpreview.github.io/?https://github.com/HERA-Team/H6C_Notebooks/blob/main/antenna_report/antenna_37_report.html"" target=""_blank"">37</a>",N03,digital_ok,1.0,0.0,1.0,0.0,0.15372284232001107,22.83538260703139,-0.2529659902518117,14.067735701793794,-0.5988484041923895,7.1922375973445485,-1.1458327973430484,4.055145902390796,0.5954323944728135,0.03385559454076226,0.47484486839192086
25,"<a href=""https://htmlpreview.github.io/?https://github.com/HERA-Team/H6C_Notebooks/blob/main/antenna_report/antenna_38_report.html"" target=""_blank"">38</a>",N03,digital_ok,1.0,0.0,0.0,0.0,-0.7809838950754898,0.03899071599168432,-1.4510252751293213,3.0550921852062474,-0.05442375433755391,0.4305482421603715,1.3334634768923792,10.011777230586963,0.5979656658526388,0.5878721462569566,0.36197395002195065
26,"<a href=""https://htmlpreview.github.io/?https://github.com/HERA-Team/H6C_Notebooks/blob/main/antenna_report/antenna_40_report.html"" target=""_blank"">40</a>",N04,digital_ok,1.0,1.0,1.0,0.0,,,inf,inf,,,,,,,
27,"<a href=""https://htmlpreview.github.io/?https://github.com/HERA-Team/H6C_Notebooks/blob/main/antenna_report/antenna_41_report.html"" target=""_blank"">41</a>",N04,digital_ok,1.0,1.0,1.0,0.0,,,inf,inf,,,,,,,
28,"<a href=""https://htmlpreview.github.io/?https://github.com/HERA-Team/H6C_Notebooks/blob/main/antenna_report/antenna_42_report.html"" target=""_blank"">42</a>",N04,digital_ok,1.0,1.0,1.0,0.0,,,inf,inf,,,,,,,
29,"<a href=""https://htmlpreview.github.io/?https://github.com/HERA-Team/H6C_Notebooks/blob/main/antenna_report/antenna_43_report.html"" target=""_blank"">43</a>",N05,RF_maintenance,0.0,0.0,0.0,0.0,-0.41369476457915216,0.11416045741274869,-0.15557014764382754,0.9649586396874138,-0.8632036180662895,0.9846547959298005,-1.511152127584039,0.7897537037875402,0.6134020948015324,0.6165408266397773,0.36236178759075355
30,"<a href=""https://htmlpreview.github.io/?https://github.com/HERA-Team/H6C_Notebooks/blob/main/antenna_report/antenna_44_report.html"" target=""_blank"">44</a>",N05,digital_ok,0.0,0.0,0.0,0.0,-1.5295552096467753,0.29439459920355315,-0.7783637845906203,-0.19268234470116974,-1.0224652823225664,0.8655434696725522,-1.0932702038069322,-0.37409447539926743,0.6146422500342483,0.6296501399503243,0.36026894106856766
31,"<a href=""https://htmlpreview.github.io/?https://github.com/HERA-Team/H6C_Notebooks/blob/main/antenna_report/antenna_45_report.html"" target=""_blank"">45</a>",N05,digital_ok,1.0,0.0,0.0,0.0,0.6454734729344667,4.1652530006751896,0.5952456887225819,1.0727290507137914,-0.16519110592056266,1.8095303898895247,0.45458779758623163,21.143998258612292,0.6069051508280205,0.613997402036318,0.3450205442597073
32,"<a href=""https://htmlpreview.github.io/?https://github.com/HERA-Team/H6C_Notebooks/blob/main/antenna_report/antenna_46_report.html"" target=""_blank"">46</a>",N05,RF_maintenance,0.0,0.0,0.0,0.0,-0.7628231311456779,-0.3158768438780732,-0.49414371838481147,-1.2160322414587181,-0.0617086366563476,-0.4703500379228188,-0.22556017955156152,-0.7561012727511714,0.6096962960087176,0.6315117396102929,0.35837831123770925
33,"<a href=""https://htmlpreview.github.io/?https://github.com/HERA-Team/H6C_Notebooks/blob/main/antenna_report/antenna_47_report.html"" target=""_blank"">47</a>",N06,not_connected,1.0,1.0,1.0,0.0,11.642098741048132,14.795222091906677,5.3901091988202126,5.62017499085681,5.899391459903048,7.146126756486716,3.534031766661336,1.048624151087625,0.031748620036701564,0.05795579771242346,0.01893398065801014
34,"<a href=""https://htmlpreview.github.io/?https://github.com/HERA-Team/H6C_Notebooks/blob/main/antenna_report/antenna_48_report.html"" target=""_blank"">48</a>",N06,not_connected,0.0,0.0,0.0,0.0,0.012413658786932702,0.911010094394617,-0.5452647674677442,1.4008245876870398,1.3480945178957762,1.4148392512466799,-0.625062030641862,-2.0603478549011744,0.5761139328008216,0.6002124491562304,0.3452660428571209
35,"<a href=""https://htmlpreview.github.io/?https://github.com/HERA-Team/H6C_Notebooks/blob/main/antenna_report/antenna_49_report.html"" target=""_blank"">49</a>",N06,not_connected,0.0,0.0,0.0,0.0,-0.28821250221914807,-0.14819592297659898,-0.5172304847686842,-0.03392560182515325,-0.6627939604692763,-0.4183194851804732,0.0737301479269102,0.029131368086281657,0.5386251212723624,0.5791203644340738,0.34472002749413266
36,"<a href=""https://htmlpreview.github.io/?https://github.com/HERA-Team/H6C_Notebooks/blob/main/antenna_report/antenna_50_report.html"" target=""_blank"">50</a>",N03,RF_maintenance,0.0,0.0,0.0,0.0,0.6750809941827343,0.9378098887543076,0.04678776804063669,2.0949939526002463,-0.06658748929162031,1.4867164045715555,-0.1076139744175854,0.17159015184690266,0.5855087595458759,0.5893728355906702,0.365196190792014
37,"<a href=""https://htmlpreview.github.io/?https://github.com/HERA-Team/H6C_Notebooks/blob/main/antenna_report/antenna_51_report.html"" target=""_blank"">51</a>",N03,dish_maintenance,1.0,0.0,0.0,0.0,8.01669158895525,1.7584689968383307,0.15153862416234665,0.15926383219609,1.8228934968555177,1.9407290164521693,28.51287214093774,0.1766874952152801,0.5804667497401631,0.6035469176328072,0.3630426419203275
38,"<a href=""https://htmlpreview.github.io/?https://github.com/HERA-Team/H6C_Notebooks/blob/main/antenna_report/antenna_52_report.html"" target=""_blank"">52</a>",N03,RF_maintenance,1.0,0.0,0.0,0.0,7.256796052429806,5.805654624166862,0.3808893864808466,0.4013999454734616,1.3912687324004303,1.3201919770982815,2.2157660267784434,0.6780183262980527,0.6005240234516204,0.6124884545246262,0.3618449358288138
39,"<a href=""https://htmlpreview.github.io/?https://github.com/HERA-Team/H6C_Notebooks/blob/main/antenna_report/antenna_53_report.html"" target=""_blank"">53</a>",N03,digital_ok,1.0,0.0,0.0,0.0,0.9450898487920509,1.6809759003662363,-0.14287947443606774,-0.9467496600696369,1.4053105137149737,0.6123855914851309,10.756200498249695,7.069551811563946,0.602582974179915,0.6183282965027812,0.36944225074058007
40,"<a href=""https://htmlpreview.github.io/?https://github.com/HERA-Team/H6C_Notebooks/blob/main/antenna_report/antenna_54_report.html"" target=""_blank"">54</a>",N04,digital_ok,1.0,1.0,1.0,0.0,,,inf,inf,,,,,,,
41,"<a href=""https://htmlpreview.github.io/?https://github.com/HERA-Team/H6C_Notebooks/blob/main/antenna_report/antenna_55_report.html"" target=""_blank"">55</a>",N04,digital_ok,1.0,1.0,1.0,0.0,,,inf,inf,,,,,,,
42,"<a href=""https://htmlpreview.github.io/?https://github.com/HERA-Team/H6C_Notebooks/blob/main/antenna_report/antenna_56_report.html"" target=""_blank"">56</a>",N04,digital_ok,1.0,1.0,1.0,0.0,,,inf,inf,,,,,,,
43,"<a href=""https://htmlpreview.github.io/?https://github.com/HERA-Team/H6C_Notebooks/blob/main/antenna_report/antenna_57_report.html"" target=""_blank"">57</a>",N04,RF_maintenance,1.0,1.0,1.0,0.0,,,inf,inf,,,,,,,
44,"<a href=""https://htmlpreview.github.io/?https://github.com/HERA-Team/H6C_Notebooks/blob/main/antenna_report/antenna_58_report.html"" target=""_blank"">58</a>",N05,RF_maintenance,1.0,1.0,1.0,0.0,10.097350455558919,13.884433623236344,11.072430831785045,11.945932516684117,5.863292664283704,7.166982235500176,2.1163654882800578,1.7299679418507858,0.03789862533906301,0.03731417983149174,0.002560664826795712
45,"<a href=""https://htmlpreview.github.io/?https://github.com/HERA-Team/H6C_Notebooks/blob/main/antenna_report/antenna_59_report.html"" target=""_blank"">59</a>",N05,RF_maintenance,1.0,1.0,0.0,0.0,11.02073031872655,1.0154656059760852,10.604293990396803,1.1334446836888592,5.765588635837645,1.8737783410319748,0.9575362157462153,10.922322910062801,0.050746479732309197,0.6279110505908335,0.5013462157613572
46,"<a href=""https://htmlpreview.github.io/?https://github.com/HERA-Team/H6C_Notebooks/blob/main/antenna_report/antenna_60_report.html"" target=""_blank"">60</a>",N05,RF_maintenance,1.0,0.0,0.9881209503239741,0.0,0.40670257236903584,13.81785971121844,-0.23511584967064508,11.97584408141642,0.2583774205091716,7.168052593336293,6.577181196867933,3.3945983741041754,0.6174265449689191,0.08215610283295911,0.5007562671679109
47,"<a href=""https://htmlpreview.github.io/?https://github.com/HERA-Team/H6C_Notebooks/blob/main/antenna_report/antenna_61_report.html"" target=""_blank"">61</a>",N06,not_connected,0.0,0.0,0.0,0.0,2.2296499986615026,-0.18922602099230507,0.2097820212202821,-0.9938233867516818,0.4545056529154818,-1.1217263505465922,-0.3809752374595434,0.6703863083499887,0.5587396090993081,0.5990949244564282,0.33936429143780994
48,"<a href=""https://htmlpreview.github.io/?https://github.com/HERA-Team/H6C_Notebooks/blob/main/antenna_report/antenna_62_report.html"" target=""_blank"">62</a>",N06,not_connected,0.0,0.0,0.0,0.0,-0.35316492710096864,0.7135980398265868,-0.7294150710837632,0.8339006731791396,-1.0973592390245077,0.21157033468845496,0.8682867593741131,-1.1795221207267583,0.5629708366563466,0.6014671779972924,0.3449938586995585
49,"<a href=""https://htmlpreview.github.io/?https://github.com/HERA-Team/H6C_Notebooks/blob/main/antenna_report/antenna_63_report.html"" target=""_blank"">63</a>",N06,not_connected,1.0,0.0,1.0,0.0,1.1680408274015817,14.341854972887013,-0.5970340526319396,6.044412524797425,-0.27846929585942326,7.254025531678344,-0.36301312452619194,3.704974517835544,0.5674298652688592,0.047212883158715545,0.438903139285761
50,"<a href=""https://htmlpreview.github.io/?https://github.com/HERA-Team/H6C_Notebooks/blob/main/antenna_report/antenna_64_report.html"" target=""_blank"">64</a>",N06,not_connected,0.0,0.0,0.0,0.0,-0.14690868798179924,0.1277289712625749,-1.175037084806617,-0.43113413419155083,-0.8794073025766772,-1.1054041539762633,3.075179117446127,0.36349213609937625,0.555788707133331,0.5586001294561607,0.33517402330427915
51,"<a href=""https://htmlpreview.github.io/?https://github.com/HERA-Team/H6C_Notebooks/blob/main/antenna_report/antenna_65_report.html"" target=""_blank"">65</a>",N03,digital_ok,1.0,1.0,1.0,0.0,23.637347416799212,22.587889376849063,14.27166940090048,14.513646213419628,6.012330309535801,7.26283284994403,5.908706680574937,7.513667268628854,0.022667682473040327,0.028115591411035992,0.005722763176700073
52,"<a href=""https://htmlpreview.github.io/?https://github.com/HERA-Team/H6C_Notebooks/blob/main/antenna_report/antenna_66_report.html"" target=""_blank"">66</a>",N03,digital_ok,1.0,0.0,0.0,1.0,1.0142609076146176,0.40347055372562746,-1.3567667501519254,4.091930210662377,1.731271171653599,0.9109230917145138,-0.3964677547296887,2.1037363586513447,0.23751917973668168,0.22327579355891988,-0.27881057509092233
53,"<a href=""https://htmlpreview.github.io/?https://github.com/HERA-Team/H6C_Notebooks/blob/main/antenna_report/antenna_67_report.html"" target=""_blank"">67</a>",N03,digital_ok,1.0,0.0,0.0,0.0,-0.42059418692946593,-0.8240657611390744,-1.305370927615573,1.2304926212240932,-0.5727543037954089,1.8209256533581433,4.720156718135351,1.7676302894723834,0.606031116315629,0.6122000344346348,0.35656813676641624
54,"<a href=""https://htmlpreview.github.io/?https://github.com/HERA-Team/H6C_Notebooks/blob/main/antenna_report/antenna_68_report.html"" target=""_blank"">68</a>",N03,dish_maintenance,1.0,1.0,0.0,0.0,25.54887449861288,0.25254102427074987,14.415722966230044,0.6122752647697851,5.877108933820856,0.4690223169153399,6.6775478130688475,-1.002236020085912,0.03460841038007273,0.618874153262284,0.4874609159104072
55,"<a href=""https://htmlpreview.github.io/?https://github.com/HERA-Team/H6C_Notebooks/blob/main/antenna_report/antenna_69_report.html"" target=""_blank"">69</a>",N04,digital_ok,1.0,1.0,1.0,0.0,,,inf,inf,,,,,,,
56,"<a href=""https://htmlpreview.github.io/?https://github.com/HERA-Team/H6C_Notebooks/blob/main/antenna_report/antenna_70_report.html"" target=""_blank"">70</a>",N04,digital_ok,1.0,1.0,1.0,0.0,,,inf,inf,,,,,,,
57,"<a href=""https://htmlpreview.github.io/?https://github.com/HERA-Team/H6C_Notebooks/blob/main/antenna_report/antenna_71_report.html"" target=""_blank"">71</a>",N04,digital_ok,1.0,1.0,1.0,0.0,,,inf,inf,,,,,,,
58,"<a href=""https://htmlpreview.github.io/?https://github.com/HERA-Team/H6C_Notebooks/blob/main/antenna_report/antenna_72_report.html"" target=""_blank"">72</a>",N04,digital_ok,1.0,1.0,1.0,0.0,,,inf,inf,,,,,,,
59,"<a href=""https://htmlpreview.github.io/?https://github.com/HERA-Team/H6C_Notebooks/blob/main/antenna_report/antenna_73_report.html"" target=""_blank"">73</a>",N05,RF_maintenance,0.0,0.0,0.0,0.0,-0.3661297167274594,0.8153783164940867,-1.1552906261144893,-0.567974803618983,0.21214316707298755,-0.5839854834940307,-0.26242952478197495,-0.545497726642318,0.6336829882252573,0.6460988635915121,0.34925974508630114
60,"<a href=""https://htmlpreview.github.io/?https://github.com/HERA-Team/H6C_Notebooks/blob/main/antenna_report/antenna_74_report.html"" target=""_blank"">74</a>",N05,RF_maintenance,0.0,0.0,0.0,0.0,-0.4876555713442269,0.44500884035743554,-0.2232073674733164,-0.2686831989116751,-0.6836982074674136,1.0267880063511903,-1.4430632061877193,3.711735098667812,0.6351139059788018,0.6469538121974165,0.34381811613998575
61,"<a href=""https://htmlpreview.github.io/?https://github.com/HERA-Team/H6C_Notebooks/blob/main/antenna_report/antenna_77_report.html"" target=""_blank"">77</a>",N06,not_connected,1.0,0.0,0.0,0.0,55.69207856913566,23.022030045429073,0.7293396885678789,-0.6047631090444384,3.989575620146384,1.6902327601547467,0.6412103375231513,-0.8718737897642974,0.3221987709716334,0.48688932593418205,0.26377778056929296
62,"<a href=""https://htmlpreview.github.io/?https://github.com/HERA-Team/H6C_Notebooks/blob/main/antenna_report/antenna_78_report.html"" target=""_blank"">78</a>",N06,not_connected,1.0,0.0,0.0,0.0,28.624994935404622,0.609035953761677,-0.42788757328436283,1.134935271425798,1.4901865836727677,0.5937741538237917,0.7520576852561176,0.21722822636568226,0.42428277262073666,0.6035421281943428,0.34230302997932155
63,"<a href=""https://htmlpreview.github.io/?https://github.com/HERA-Team/H6C_Notebooks/blob/main/antenna_report/antenna_79_report.html"" target=""_blank"">79</a>",N11,not_connected,1.0,1.0,1.0,0.0,,,inf,inf,,,,,,,
64,"<a href=""https://htmlpreview.github.io/?https://github.com/HERA-Team/H6C_Notebooks/blob/main/antenna_report/antenna_80_report.html"" target=""_blank"">80</a>",N11,not_connected,1.0,1.0,1.0,0.0,,,inf,inf,,,,,,,
65,"<a href=""https://htmlpreview.github.io/?https://github.com/HERA-Team/H6C_Notebooks/blob/main/antenna_report/antenna_81_report.html"" target=""_blank"">81</a>",N07,digital_ok,1.0,0.0,1.0,0.0,-0.5559013857175977,14.696190275231382,0.40646804074674986,10.541306970605971,0.4396474153131077,6.966057759138557,0.050728292021332784,2.4137552548745558,0.5597932613777229,0.04057018624154455,0.4247228520272676
66,"<a href=""https://htmlpreview.github.io/?https://github.com/HERA-Team/H6C_Notebooks/blob/main/antenna_report/antenna_82_report.html"" target=""_blank"">82</a>",N07,RF_maintenance,0.0,0.0,0.0,0.0,3.2289425898784336,0.9073788391861735,-0.7714122656483687,-0.3898665799621737,-0.07811236230585462,-0.9901627626826036,-0.47452949641235703,-0.3389370466318832,0.5916272041993439,0.6028398002514588,0.36146876123388155
67,"<a href=""https://htmlpreview.github.io/?https://github.com/HERA-Team/H6C_Notebooks/blob/main/antenna_report/antenna_83_report.html"" target=""_blank"">83</a>",N07,digital_ok,0.0,0.0,0.0,0.0,-0.22105211297588517,0.2166105615325028,0.5477455801854086,0.9357113288372421,0.5442498281013896,0.392744281695871,-0.24339838431764924,1.2608768370557442,0.5934671706241696,0.5990106874557108,0.3526418601011914
68,"<a href=""https://htmlpreview.github.io/?https://github.com/HERA-Team/H6C_Notebooks/blob/main/antenna_report/antenna_84_report.html"" target=""_blank"">84</a>",N08,RF_maintenance,1.0,1.0,1.0,0.0,,,inf,inf,,,,,,,
69,"<a href=""https://htmlpreview.github.io/?https://github.com/HERA-Team/H6C_Notebooks/blob/main/antenna_report/antenna_85_report.html"" target=""_blank"">85</a>",N08,digital_ok,1.0,1.0,1.0,0.0,,,inf,inf,,,,,,,
70,"<a href=""https://htmlpreview.github.io/?https://github.com/HERA-Team/H6C_Notebooks/blob/main/antenna_report/antenna_86_report.html"" target=""_blank"">86</a>",N08,digital_ok,1.0,1.0,1.0,0.0,,,inf,inf,,,,,,,
71,"<a href=""https://htmlpreview.github.io/?https://github.com/HERA-Team/H6C_Notebooks/blob/main/antenna_report/antenna_87_report.html"" target=""_blank"">87</a>",N08,RF_maintenance,1.0,1.0,1.0,0.0,,,inf,inf,,,,,,,
72,"<a href=""https://htmlpreview.github.io/?https://github.com/HERA-Team/H6C_Notebooks/blob/main/antenna_report/antenna_88_report.html"" target=""_blank"">88</a>",N09,digital_ok,0.0,0.0,0.0,0.0,0.5388794943803406,0.130671706479305,0.6773498624652526,1.2919666424711043,0.20702659438006468,-0.05731395842060217,1.1107496182307808,0.4098152397233991,0.6178696811845356,0.6309069481041027,0.3395641063085178
73,"<a href=""https://htmlpreview.github.io/?https://github.com/HERA-Team/H6C_Notebooks/blob/main/antenna_report/antenna_89_report.html"" target=""_blank"">89</a>",N09,RF_maintenance,0.0,0.0,0.0,0.0,0.6750496852600397,0.3230524199425932,0.5092657249315982,1.3080323386678057,-0.326066649548182,-0.09037845088119947,-0.29307381162298346,0.027102434426542768,0.6251518060810134,0.6437809291990921,0.3374910596951248
74,"<a href=""https://htmlpreview.github.io/?https://github.com/HERA-Team/H6C_Notebooks/blob/main/antenna_report/antenna_90_report.html"" target=""_blank"">90</a>",N09,RF_maintenance,0.0,0.0,0.0,0.0,0.082598387692277,-0.546200881836591,-0.9622274369242445,-0.6940846437552753,-0.5021543727487221,-0.9581543016734707,-0.2258405797011103,2.8998541003618428,0.6335988983693956,0.6553912585338744,0.3390478819317471
75,"<a href=""https://htmlpreview.github.io/?https://github.com/HERA-Team/H6C_Notebooks/blob/main/antenna_report/antenna_91_report.html"" target=""_blank"">91</a>",N09,digital_ok,0.0,0.0,0.0,0.0,-0.664972622894192,0.020807173849641494,0.8463511001491247,0.7275681002602535,-0.022779417470411577,0.42793454514755846,0.021433902262196953,0.10232915352145273,0.6160771321645254,0.647849045072007,0.3384315659015658
76,"<a href=""https://htmlpreview.github.io/?https://github.com/HERA-Team/H6C_Notebooks/blob/main/antenna_report/antenna_92_report.html"" target=""_blank"">92</a>",N10,RF_maintenance,1.0,1.0,0.0,0.0,10.600792704886336,0.28108608679015873,11.063786116982328,0.5869477524950383,5.956729753415031,1.5575464445638505,0.9908217079156854,0.9998717800647582,0.036722951824712614,0.6436792290244147,0.4119050870958271
77,"<a href=""https://htmlpreview.github.io/?https://github.com/HERA-Team/H6C_Notebooks/blob/main/antenna_report/antenna_93_report.html"" target=""_blank"">93</a>",N10,digital_ok,1.0,1.0,1.0,0.0,10.968130821520692,14.058676051786772,11.206070676882302,12.052462973114912,5.844113762495958,7.142345650857495,3.437637023534554,2.8823097999432914,0.03079845997399273,0.02495294849623089,0.0026993111851535993
78,"<a href=""https://htmlpreview.github.io/?https://github.com/HERA-Team/H6C_Notebooks/blob/main/antenna_report/antenna_94_report.html"" target=""_blank"">94</a>",N10,digital_ok,1.0,1.0,1.0,0.0,11.550833852167887,14.315467440743387,11.321820210195543,11.841349603000912,5.9675089379888,7.180785447503342,2.1520811913982856,1.4663277314182366,0.02527272449102042,0.025312412469171944,0.0012045410632809353
79,"<a href=""https://htmlpreview.github.io/?https://github.com/HERA-Team/H6C_Notebooks/blob/main/antenna_report/antenna_95_report.html"" target=""_blank"">95</a>",N11,not_connected,1.0,1.0,1.0,0.0,,,inf,inf,,,,,,,
80,"<a href=""https://htmlpreview.github.io/?https://github.com/HERA-Team/H6C_Notebooks/blob/main/antenna_report/antenna_96_report.html"" target=""_blank"">96</a>",N11,not_connected,1.0,1.0,1.0,0.0,,,inf,inf,,,,,,,
81,"<a href=""https://htmlpreview.github.io/?https://github.com/HERA-Team/H6C_Notebooks/blob/main/antenna_report/antenna_97_report.html"" target=""_blank"">97</a>",N11,not_connected,1.0,1.0,1.0,0.0,,,inf,inf,,,,,,,
82,"<a href=""https://htmlpreview.github.io/?https://github.com/HERA-Team/H6C_Notebooks/blob/main/antenna_report/antenna_101_report.html"" target=""_blank"">101</a>",N08,digital_ok,1.0,1.0,1.0,0.0,,,inf,inf,,,,,,,
83,"<a href=""https://htmlpreview.github.io/?https://github.com/HERA-Team/H6C_Notebooks/blob/main/antenna_report/antenna_102_report.html"" target=""_blank"">102</a>",N08,RF_maintenance,1.0,1.0,1.0,0.0,,,inf,inf,,,,,,,
84,"<a href=""https://htmlpreview.github.io/?https://github.com/HERA-Team/H6C_Notebooks/blob/main/antenna_report/antenna_103_report.html"" target=""_blank"">103</a>",N08,digital_ok,1.0,1.0,1.0,0.0,,,inf,inf,,,,,,,
85,"<a href=""https://htmlpreview.github.io/?https://github.com/HERA-Team/H6C_Notebooks/blob/main/antenna_report/antenna_104_report.html"" target=""_blank"">104</a>",N08,RF_maintenance,1.0,1.0,1.0,0.0,,,inf,inf,,,,,,,
86,"<a href=""https://htmlpreview.github.io/?https://github.com/HERA-Team/H6C_Notebooks/blob/main/antenna_report/antenna_105_report.html"" target=""_blank"">105</a>",N09,digital_ok,0.0,0.0,0.0,0.0,-0.25778940702660713,0.30287954665934663,0.5008984041694193,1.3573159917506838,0.8950188897519302,0.6278515630570527,-0.11302670151943511,-0.021433902262196946,0.624567593047074,0.6390319903797111,0.33930826351248683
87,"<a href=""https://htmlpreview.github.io/?https://github.com/HERA-Team/H6C_Notebooks/blob/main/antenna_report/antenna_106_report.html"" target=""_blank"">106</a>",N09,digital_ok,0.0,0.0,0.0,0.0,1.089474573398422,-0.6724777879024558,-0.6160044261016846,-0.05790198803620719,-0.19051739537161494,-0.4574246646490296,-0.029273853866219175,-0.22435334109852154,0.6344337076547581,0.6430178737108935,0.3289876780112962
88,"<a href=""https://htmlpreview.github.io/?https://github.com/HERA-Team/H6C_Notebooks/blob/main/antenna_report/antenna_107_report.html"" target=""_blank"">107</a>",N09,digital_ok,1.0,0.0,0.0,0.0,4.457830682531445,1.1256096318281958,-0.4879049410131126,-0.8217922925464715,0.9656648111006036,0.08580434926288413,3.302791366100961,3.98406915341811,0.6293837456674279,0.6596711613244409,0.3295094221064191
89,"<a href=""https://htmlpreview.github.io/?https://github.com/HERA-Team/H6C_Notebooks/blob/main/antenna_report/antenna_108_report.html"" target=""_blank"">108</a>",N09,RF_maintenance,1.0,1.0,0.0,0.0,10.701005498091591,40.30256435857714,11.117205957007547,1.5113844615707674,5.907179902333979,3.6985656988740208,2.5017989209844864,1.5087969359007443,0.03478690459611687,0.32766698487391205,0.18013191450647756
90,"<a href=""https://htmlpreview.github.io/?https://github.com/HERA-Team/H6C_Notebooks/blob/main/antenna_report/antenna_109_report.html"" target=""_blank"">109</a>",N10,digital_ok,1.0,1.0,1.0,0.0,10.456154686243035,13.902558450311403,11.157248359689277,11.703474996974503,5.945752040163189,7.237269720830637,1.1729971742639582,2.6276727555848165,0.058502166714593774,0.03539547672204164,0.014300733602563743
91,"<a href=""https://htmlpreview.github.io/?https://github.com/HERA-Team/H6C_Notebooks/blob/main/antenna_report/antenna_110_report.html"" target=""_blank"">110</a>",N10,RF_maintenance,1.0,0.0,0.0,0.0,13.925970223993303,11.51389951385114,6.713122567652656,0.15026175625786192,7.134376673101182,-0.040512976999826096,2.7457804243704715,-0.2828436871335793,0.5395013740415724,0.5960006423600563,0.3118638439791568
92,"<a href=""https://htmlpreview.github.io/?https://github.com/HERA-Team/H6C_Notebooks/blob/main/antenna_report/antenna_111_report.html"" target=""_blank"">111</a>",N10,digital_ok,1.0,0.0,0.9989200863930886,0.0,29.515473367210706,13.752625139846286,1.412460270977982,11.797772737336771,3.4653573145714716,7.226207538592137,7.269946315825599,3.055323223433424,0.4874751272493588,0.06569806141478758,0.3187735036761686
93,"<a href=""https://htmlpreview.github.io/?https://github.com/HERA-Team/H6C_Notebooks/blob/main/antenna_report/antenna_112_report.html"" target=""_blank"">112</a>",N10,digital_ok,1.0,0.5901727861771058,0.9789416846652268,0.0,2.263813357504721,13.4200598639649,7.949091331116686,11.871888758458573,0.31839065590415233,6.985902064974425,0.6610621432830271,1.3388217475291149,0.2048036954896447,0.08178403123738068,-0.09921912459783302
94,"<a href=""https://htmlpreview.github.io/?https://github.com/HERA-Team/H6C_Notebooks/blob/main/antenna_report/antenna_113_report.html"" target=""_blank"">113</a>",N11,not_connected,1.0,1.0,1.0,0.0,,,inf,inf,,,,,,,
95,"<a href=""https://htmlpreview.github.io/?https://github.com/HERA-Team/H6C_Notebooks/blob/main/antenna_report/antenna_114_report.html"" target=""_blank"">114</a>",N11,not_connected,1.0,1.0,1.0,0.0,,,inf,inf,,,,,,,
96,"<a href=""https://htmlpreview.github.io/?https://github.com/HERA-Team/H6C_Notebooks/blob/main/antenna_report/antenna_115_report.html"" target=""_blank"">115</a>",N11,not_connected,1.0,1.0,1.0,0.0,,,inf,inf,,,,,,,
97,"<a href=""https://htmlpreview.github.io/?https://github.com/HERA-Team/H6C_Notebooks/blob/main/antenna_report/antenna_117_report.html"" target=""_blank"">117</a>",N07,RF_maintenance,1.0,1.0,1.0,0.0,11.489902635829177,15.38414795274722,11.242973200388048,12.316199145769637,5.821544773271536,7.17399538252874,1.9906903838776782,4.958562342709891,0.02824614431654572,0.03243968343968106,0.0028822180836518144
98,"<a href=""https://htmlpreview.github.io/?https://github.com/HERA-Team/H6C_Notebooks/blob/main/antenna_report/antenna_118_report.html"" target=""_blank"">118</a>",N07,digital_ok,0.0,0.0,0.0,0.0,0.30259831532999093,1.4881683384128865,0.23684468723834134,0.9170016452512127,0.11741554644847842,0.9091701576345846,-0.22438226434023995,0.47540543039973,0.5966162993197057,0.6104231922771783,0.3580852943787828
99,"<a href=""https://htmlpreview.github.io/?https://github.com/HERA-Team/H6C_Notebooks/blob/main/antenna_report/antenna_120_report.html"" target=""_blank"">120</a>",N08,RF_maintenance,1.0,1.0,1.0,0.0,,,inf,inf,,,,,,,
100,"<a href=""https://htmlpreview.github.io/?https://github.com/HERA-Team/H6C_Notebooks/blob/main/antenna_report/antenna_121_report.html"" target=""_blank"">121</a>",N08,digital_ok,1.0,1.0,1.0,0.0,,,inf,inf,,,,,,,
101,"<a href=""https://htmlpreview.github.io/?https://github.com/HERA-Team/H6C_Notebooks/blob/main/antenna_report/antenna_122_report.html"" target=""_blank"">122</a>",N08,digital_ok,1.0,1.0,1.0,0.0,,,inf,inf,,,,,,,
102,"<a href=""https://htmlpreview.github.io/?https://github.com/HERA-Team/H6C_Notebooks/blob/main/antenna_report/antenna_123_report.html"" target=""_blank"">123</a>",N08,digital_ok,1.0,1.0,1.0,0.0,,,inf,inf,,,,,,,
103,"<a href=""https://htmlpreview.github.io/?https://github.com/HERA-Team/H6C_Notebooks/blob/main/antenna_report/antenna_124_report.html"" target=""_blank"">124</a>",N09,digital_ok,1.0,1.0,0.0,0.0,10.806367914816356,0.20931613252473177,11.399322981586534,1.0414056862692826,5.806746761019044,1.0066880303352919,1.3159954405764018,0.8642602566761848,0.044320736219575524,0.6575921365826538,0.46134393189141815
104,"<a href=""https://htmlpreview.github.io/?https://github.com/HERA-Team/H6C_Notebooks/blob/main/antenna_report/antenna_125_report.html"" target=""_blank"">125</a>",N09,RF_maintenance,1.0,0.0,0.0,0.0,3.0903681838842685,0.6888739654308486,1.0529126906893993,1.3408768525680272,0.7558959667918679,0.31613385730800175,6.448697899070528,1.836112739545126,0.6355757385300784,0.6514043032885598,0.3249982603835614
105,"<a href=""https://htmlpreview.github.io/?https://github.com/HERA-Team/H6C_Notebooks/blob/main/antenna_report/antenna_126_report.html"" target=""_blank"">126</a>",N09,RF_maintenance,0.0,0.0,0.0,0.0,1.1026104664625007,0.8713714522918496,-0.6172010667077328,1.3714027009972523,0.458568263512992,0.7458325651701848,1.675582255073743,0.4017032342181198,0.6440643205858195,0.6532948351067327,0.3270235197229803
106,"<a href=""https://htmlpreview.github.io/?https://github.com/HERA-Team/H6C_Notebooks/blob/main/antenna_report/antenna_127_report.html"" target=""_blank"">127</a>",N10,digital_ok,1.0,1.0,0.0,0.0,10.25177836570392,0.18725088666688972,11.054128790995534,0.7215049546470655,5.946469649104554,1.5115713591856648,0.9507031965567275,0.641135026567069,0.035147116375285795,0.6535988741893441,0.41390388442296117
107,"<a href=""https://htmlpreview.github.io/?https://github.com/HERA-Team/H6C_Notebooks/blob/main/antenna_report/antenna_128_report.html"" target=""_blank"">128</a>",N10,digital_ok,1.0,0.0,0.0,0.0,0.24743890695341567,-0.5084747738402561,-1.2370704561886963,-0.5271197076902335,0.14487102949977684,-0.4034749087337064,0.13092744592306862,5.052435316235959,0.6276881348179493,0.641394456370958,0.35406389316741754
108,"<a href=""https://htmlpreview.github.io/?https://github.com/HERA-Team/H6C_Notebooks/blob/main/antenna_report/antenna_131_report.html"" target=""_blank"">131</a>",N11,not_connected,1.0,1.0,1.0,0.0,,,inf,inf,,,,,,,
109,"<a href=""https://htmlpreview.github.io/?https://github.com/HERA-Team/H6C_Notebooks/blob/main/antenna_report/antenna_132_report.html"" target=""_blank"">132</a>",N11,not_connected,1.0,1.0,1.0,0.0,,,inf,inf,,,,,,,
110,"<a href=""https://htmlpreview.github.io/?https://github.com/HERA-Team/H6C_Notebooks/blob/main/antenna_report/antenna_133_report.html"" target=""_blank"">133</a>",N11,not_connected,1.0,1.0,1.0,0.0,,,inf,inf,,,,,,,
111,"<a href=""https://htmlpreview.github.io/?https://github.com/HERA-Team/H6C_Notebooks/blob/main/antenna_report/antenna_134_report.html"" target=""_blank"">134</a>",N11,not_connected,1.0,1.0,1.0,0.0,,,inf,inf,,,,,,,
112,"<a href=""https://htmlpreview.github.io/?https://github.com/HERA-Team/H6C_Notebooks/blob/main/antenna_report/antenna_135_report.html"" target=""_blank"">135</a>",N12,RF_maintenance,0.0,0.0,0.0,0.0,-0.39494272513827205,-1.149003156807068,-1.1242390250663468,-1.4028566692681808,2.790126698952535,0.761222363235315,0.7433834415503241,-0.05233141965864622,0.5676383639299174,0.5922771153414327,0.36884146027212167
113,"<a href=""https://htmlpreview.github.io/?https://github.com/HERA-Team/H6C_Notebooks/blob/main/antenna_report/antenna_136_report.html"" target=""_blank"">136</a>",N12,digital_ok,1.0,1.0,0.0,0.0,9.782288361043431,0.0794434155478414,10.733316898069369,-0.4360672817396014,5.942460198126745,0.17683429525756716,2.319944350894241,-0.1315408490223299,0.04163170245808961,0.5933161516666611,0.4087447776563735
114,"<a href=""https://htmlpreview.github.io/?https://github.com/HERA-Team/H6C_Notebooks/blob/main/antenna_report/antenna_137_report.html"" target=""_blank"">137</a>",N07,RF_maintenance,0.0,0.0,0.0,0.0,-0.423027986702845,-0.579041840972375,0.39770260669384666,-1.347780490369148,1.2788560265944386,-0.2101383206100488,1.8867739322174488,1.7847446410875651,0.5825629105040335,0.6089663154965925,0.3599184026697996
115,"<a href=""https://htmlpreview.github.io/?https://github.com/HERA-Team/H6C_Notebooks/blob/main/antenna_report/antenna_139_report.html"" target=""_blank"">139</a>",N13,RF_maintenance,0.0,0.0,0.0,0.0,1.093422876689153,1.2771972617622713,1.2568114980510083,-1.2669757141570386,0.20799204684730985,-0.8678906605863439,-1.6976409908260977,-0.8160016075205335,0.6015671523629637,0.6022427501243934,0.34653149867614114
116,"<a href=""https://htmlpreview.github.io/?https://github.com/HERA-Team/H6C_Notebooks/blob/main/antenna_report/antenna_140_report.html"" target=""_blank"">140</a>",N13,digital_ok,1.0,0.0,0.0,0.0,0.49668363186940284,-1.1648512442462549,-0.6086572737202954,-0.5195530880320325,0.5026895744680673,-0.8548210060763768,5.273535824265926,3.095579842111437,0.614821167791808,0.6349452769932044,0.3505678193764958
117,"<a href=""https://htmlpreview.github.io/?https://github.com/HERA-Team/H6C_Notebooks/blob/main/antenna_report/antenna_141_report.html"" target=""_blank"">141</a>",N13,digital_ok,0.0,0.0,0.0,0.0,-0.7392882044130793,-0.7800881119154408,-0.04942852199201903,0.31539722054170244,1.026210574985569,-0.607710825027353,0.14413583910728286,-1.4022381553177115,0.6205318519524644,0.6424815361438586,0.34769210360540453
118,"<a href=""https://htmlpreview.github.io/?https://github.com/HERA-Team/H6C_Notebooks/blob/main/antenna_report/antenna_142_report.html"" target=""_blank"">142</a>",N13,RF_maintenance,1.0,0.0,1.0,0.0,1.9638942920453393,13.905329255255104,-0.5293027138574528,11.983786310830254,1.5985723629124446,7.1971816076484405,14.908116506305054,2.6140536490922996,0.6310549689030651,0.05022189147151091,0.48732335817989286
119,"<a href=""https://htmlpreview.github.io/?https://github.com/HERA-Team/H6C_Notebooks/blob/main/antenna_report/antenna_143_report.html"" target=""_blank"">143</a>",N14,RF_maintenance,1.0,0.9897408207343412,1.0,0.0,11.328995378017215,13.862042746813978,11.001428366091329,11.951281175061178,5.500871725847087,7.200084463428145,0.987078195996227,2.4061509658432074,0.1106780013744932,0.030782860721678792,0.06107499540592843
120,"<a href=""https://htmlpreview.github.io/?https://github.com/HERA-Team/H6C_Notebooks/blob/main/antenna_report/antenna_144_report.html"" target=""_blank"">144</a>",N14,digital_ok,0.0,0.0,0.0,0.0,-0.5564217333418328,1.2509389541248168,-0.9212602753096855,2.355459547927342,0.22902765674979092,0.2282827868785232,-0.6804007195487105,0.3739891444166451,0.6480707327015384,0.6601693360114753,0.3314764329009203
121,"<a href=""https://htmlpreview.github.io/?https://github.com/HERA-Team/H6C_Notebooks/blob/main/antenna_report/antenna_145_report.html"" target=""_blank"">145</a>",N14,digital_ok,0.0,0.0,0.0,0.0,-0.06352533871313433,-0.42410953120165035,2.0417760968450174,0.7478102142173836,0.11337344867874166,1.092027792404317,0.6629409278218592,-1.6315838801546394,0.6426471182975535,0.6638851129274054,0.33703288688649446
122,"<a href=""https://htmlpreview.github.io/?https://github.com/HERA-Team/H6C_Notebooks/blob/main/antenna_report/antenna_146_report.html"" target=""_blank"">146</a>",N14,digital_ok,0.0,0.0,0.0,0.0,-0.3277080279134181,0.25918543083660595,-1.1161873939517588,-0.6716316564879379,-1.0842203749260955,-1.1887196243916482,-0.6061745291721289,0.9686447075019773,0.617180266341647,0.6379775064352744,0.3348364601506854
123,"<a href=""https://htmlpreview.github.io/?https://github.com/HERA-Team/H6C_Notebooks/blob/main/antenna_report/antenna_147_report.html"" target=""_blank"">147</a>",N15,digital_ok,1.0,1.0,1.0,0.0,,,inf,inf,,,,,,,
124,"<a href=""https://htmlpreview.github.io/?https://github.com/HERA-Team/H6C_Notebooks/blob/main/antenna_report/antenna_148_report.html"" target=""_blank"">148</a>",N15,digital_ok,1.0,1.0,1.0,0.0,212.01160632470624,212.92545295210112,inf,inf,2961.810167453148,2934.3176011098753,9091.279863074175,8954.383040786624,,,
125,"<a href=""https://htmlpreview.github.io/?https://github.com/HERA-Team/H6C_Notebooks/blob/main/antenna_report/antenna_149_report.html"" target=""_blank"">149</a>",N15,digital_ok,1.0,1.0,1.0,0.0,,,inf,inf,,,,,,,
126,"<a href=""https://htmlpreview.github.io/?https://github.com/HERA-Team/H6C_Notebooks/blob/main/antenna_report/antenna_150_report.html"" target=""_blank"">150</a>",N15,digital_ok,1.0,1.0,1.0,0.0,,,inf,inf,,,,,,,
127,"<a href=""https://htmlpreview.github.io/?https://github.com/HERA-Team/H6C_Notebooks/blob/main/antenna_report/antenna_151_report.html"" target=""_blank"">151</a>",N16,digital_ok,1.0,0.0,0.0,0.0,22.249244563968468,1.004558368413132,-0.5824508059367859,0.9731761101625327,1.8387404022864275,-0.8561707545539072,0.2892748724385067,-0.03728195181056276,0.4338925221324117,0.535583141791072,0.3250500934274112
128,"<a href=""https://htmlpreview.github.io/?https://github.com/HERA-Team/H6C_Notebooks/blob/main/antenna_report/antenna_155_report.html"" target=""_blank"">155</a>",N12,RF_maintenance,1.0,1.0,0.0,0.0,10.172024195574549,-0.9718208176222343,10.892965946207735,-0.9037249008563383,5.956298650684335,0.3490949867029994,3.103624823195354,0.9476448669452521,0.04362692118086195,0.5993271446472044,0.42410888288660026
129,"<a href=""https://htmlpreview.github.io/?https://github.com/HERA-Team/H6C_Notebooks/blob/main/antenna_report/antenna_156_report.html"" target=""_blank"">156</a>",N12,RF_maintenance,1.0,0.0,1.0,0.0,2.965734798205381,13.671103786084483,8.8475469724397,11.746240578917574,1.7900782732397704,7.248976493265248,2.789567457576426,3.1172833818031425,0.4444880367904943,0.040630911116527696,0.3241229690736875
130,"<a href=""https://htmlpreview.github.io/?https://github.com/HERA-Team/H6C_Notebooks/blob/main/antenna_report/antenna_157_report.html"" target=""_blank"">157</a>",N12,digital_ok,0.0,0.0,0.0,0.0,0.7323456862325253,-0.09478719635084151,0.35596298018094824,1.101256252420034,0.2552846352448315,1.6918810884888242,0.04775304262234047,0.43387700658808387,0.5908602419549582,0.6106899414122156,0.3604446694586485
131,"<a href=""https://htmlpreview.github.io/?https://github.com/HERA-Team/H6C_Notebooks/blob/main/antenna_report/antenna_158_report.html"" target=""_blank"">158</a>",N12,digital_ok,1.0,0.0,0.0,0.0,0.4264626839091856,-0.4846806497824062,0.07889954450238328,0.15622757496139553,1.7330020322629303,1.7082771195449344,4.642663761371679,20.139159783783903,0.6034939516798626,0.6239259506476437,0.3599542445544834
132,"<a href=""https://htmlpreview.github.io/?https://github.com/HERA-Team/H6C_Notebooks/blob/main/antenna_report/antenna_159_report.html"" target=""_blank"">159</a>",N13,RF_maintenance,1.0,0.0,0.0,0.0,0.6408327733079241,24.97371266202593,-1.1710979499573233,-0.5804370626553641,-1.0079010608654777,2.5744056510857143,-0.1074752333619993,2.203997256327908,0.5789054011806727,0.49934457011642114,0.3179666887278754
133,"<a href=""https://htmlpreview.github.io/?https://github.com/HERA-Team/H6C_Notebooks/blob/main/antenna_report/antenna_160_report.html"" target=""_blank"">160</a>",N13,digital_ok,0.0,0.0,0.0,0.0,0.4143584330621623,-0.7681162916762111,-0.20109260564218515,-0.37958216620521834,0.09379071464719163,1.3639374702701728,-0.43553009067502,1.2644775214357769,0.6195824162663895,0.6426511830728983,0.3490112258957232
134,"<a href=""https://htmlpreview.github.io/?https://github.com/HERA-Team/H6C_Notebooks/blob/main/antenna_report/antenna_161_report.html"" target=""_blank"">161</a>",N13,digital_ok,1.0,0.0,0.0,0.0,-0.181081245718928,29.653624780785748,0.33165429039621896,0.036766771630500204,0.5759567644026511,0.4793874990144469,-0.06922352561088187,1.003892039324009,0.6286346985964905,0.527425207352078,0.3050288030427808
135,"<a href=""https://htmlpreview.github.io/?https://github.com/HERA-Team/H6C_Notebooks/blob/main/antenna_report/antenna_162_report.html"" target=""_blank"">162</a>",N13,digital_ok,1.0,0.0,0.0,0.0,-1.1320515020805042,-1.3364109764280994,-0.17579065360752227,-1.3260358773528342,-0.01855744217435794,0.44571259083148657,5.440241549289557,-0.28305655762560966,0.6446452048507069,0.6632102174286691,0.3396687240511767
136,"<a href=""https://htmlpreview.github.io/?https://github.com/HERA-Team/H6C_Notebooks/blob/main/antenna_report/antenna_163_report.html"" target=""_blank"">163</a>",N14,digital_ok,0.0,0.0,0.0,0.0,0.7275787550515103,1.5251391476274907,0.14036320325021412,0.7936316254977407,0.37918821525038376,1.8106174047354597,0.28115542537017646,1.2972809244413674,0.650699388416639,0.6666335633991338,0.3369911172071027
137,"<a href=""https://htmlpreview.github.io/?https://github.com/HERA-Team/H6C_Notebooks/blob/main/antenna_report/antenna_164_report.html"" target=""_blank"">164</a>",N14,digital_ok,0.0,0.0,0.0,0.0,-0.4421157891730445,0.6397939234030615,0.1393843775188707,1.7728033181256786,0.9289928324804119,1.339091464734805,0.2747185157585018,1.693749986925335,0.649686358972656,0.6608860876381836,0.32705232109171395
138,"<a href=""https://htmlpreview.github.io/?https://github.com/HERA-Team/H6C_Notebooks/blob/main/antenna_report/antenna_165_report.html"" target=""_blank"">165</a>",N14,digital_ok,1.0,0.0,0.0,0.0,20.348416387664077,0.31677075436646673,-0.6072479514084806,-0.5363253136141382,2.364874029673918,0.42996465742454554,8.208828065831106,-0.337521383548237,0.5597081643512984,0.661535401164323,0.3351934374239324
139,"<a href=""https://htmlpreview.github.io/?https://github.com/HERA-Team/H6C_Notebooks/blob/main/antenna_report/antenna_166_report.html"" target=""_blank"">166</a>",N14,digital_ok,0.0,0.0,0.0,0.0,-0.807858286442722,-0.012413658786932702,0.979842015980014,0.47105366522951136,0.8053266142629353,-0.6826805514478027,0.5960994931243759,-1.6073943395986519,0.6410237740979574,0.6551573397527533,0.33095971588254575
140,"<a href=""https://htmlpreview.github.io/?https://github.com/HERA-Team/H6C_Notebooks/blob/main/antenna_report/antenna_167_report.html"" target=""_blank"">167</a>",N15,digital_ok,1.0,1.0,1.0,0.0,,,inf,inf,,,,,,,
141,"<a href=""https://htmlpreview.github.io/?https://github.com/HERA-Team/H6C_Notebooks/blob/main/antenna_report/antenna_168_report.html"" target=""_blank"">168</a>",N15,digital_ok,1.0,1.0,1.0,0.0,,,inf,inf,,,,,,,
142,"<a href=""https://htmlpreview.github.io/?https://github.com/HERA-Team/H6C_Notebooks/blob/main/antenna_report/antenna_169_report.html"" target=""_blank"">169</a>",N15,digital_ok,1.0,1.0,1.0,0.0,,,inf,inf,,,,,,,
143,"<a href=""https://htmlpreview.github.io/?https://github.com/HERA-Team/H6C_Notebooks/blob/main/antenna_report/antenna_170_report.html"" target=""_blank"">170</a>",N15,digital_ok,1.0,1.0,1.0,0.0,,,inf,inf,,,,,,,
144,"<a href=""https://htmlpreview.github.io/?https://github.com/HERA-Team/H6C_Notebooks/blob/main/antenna_report/antenna_171_report.html"" target=""_blank"">171</a>",N16,digital_ok,0.0,0.0,0.0,0.0,0.704615268900023,1.3633413804852548,-1.3860944694913309,-0.035929954281498463,-1.0271131571047856,-0.6911194887752223,-0.39754388805636365,0.7299705177452323,0.5376973121908494,0.5353944982047069,0.3432892733626659
145,"<a href=""https://htmlpreview.github.io/?https://github.com/HERA-Team/H6C_Notebooks/blob/main/antenna_report/antenna_173_report.html"" target=""_blank"">173</a>",N16,digital_ok,1.0,1.0,1.0,0.0,12.804316171721343,14.381801689210633,4.831703510450295,5.6518217635074235,5.97428320460796,7.242260081198932,4.61886788539759,7.013848305936913,0.036451312694656776,0.043852212012847024,0.00508335246080307
146,"<a href=""https://htmlpreview.github.io/?https://github.com/HERA-Team/H6C_Notebooks/blob/main/antenna_report/antenna_179_report.html"" target=""_blank"">179</a>",N12,RF_maintenance,1.0,0.0,0.0,0.0,0.4172298160745287,-0.8712149902276995,-0.7272017697466925,0.6141538348977696,0.39706005961809043,23.9682156203633,-0.4221605638425853,4.294948463666606,0.6016237490549823,0.6220407845129121,0.3557641420865931
147,"<a href=""https://htmlpreview.github.io/?https://github.com/HERA-Team/H6C_Notebooks/blob/main/antenna_report/antenna_180_report.html"" target=""_blank"">180</a>",N13,RF_maintenance,1.0,0.0,1.0,0.0,-0.031573403956571634,14.624835097558238,-1.246466024246803,12.12465508239643,0.2868616000216239,7.146687813807104,19.185366081654198,3.346260876654156,0.6218895700990811,0.058667539782520796,0.4894811339393036
148,"<a href=""https://htmlpreview.github.io/?https://github.com/HERA-Team/H6C_Notebooks/blob/main/antenna_report/antenna_181_report.html"" target=""_blank"">181</a>",N13,digital_ok,1.0,0.0,0.0,0.0,1.2191127939230646,0.3822631719951302,1.1080717410578373,0.8939741399500074,-0.03260782419493281,1.063823270857894,0.08464070299449915,6.322291304720851,0.6298720906673217,0.6489571545553202,0.3484415431171015
149,"<a href=""https://htmlpreview.github.io/?https://github.com/HERA-Team/H6C_Notebooks/blob/main/antenna_report/antenna_182_report.html"" target=""_blank"">182</a>",N13,digital_ok,1.0,0.0,1.0,0.0,0.05233256815689893,13.607096603994375,-0.9537334805922558,11.687916124699875,-0.37928315983929445,7.247762328149835,6.169761714953622,2.937926495185481,0.643420637553205,0.05220985075363107,0.46794916116222335
150,"<a href=""https://htmlpreview.github.io/?https://github.com/HERA-Team/H6C_Notebooks/blob/main/antenna_report/antenna_183_report.html"" target=""_blank"">183</a>",N13,digital_ok,0.0,0.0,0.0,0.0,-1.2645337210782448,-0.025303987190102194,-0.30154712884307056,0.5084084501655093,0.5392529320614651,0.24953526196298595,0.6487524675269082,-0.03571128556646202,0.6384666453510245,0.6562821327475987,0.329243528815918
151,"<a href=""https://htmlpreview.github.io/?https://github.com/HERA-Team/H6C_Notebooks/blob/main/antenna_report/antenna_184_report.html"" target=""_blank"">184</a>",N14,digital_ok,1.0,0.0,0.0,0.0,22.32792456219376,-0.19603616669846854,6.56808405703804,-0.9240532327032001,6.307820206035432,0.35295985048798767,9.707682729609699,-0.313973808839736,0.49583050296953673,0.6641865807974141,0.34320199642484844
152,"<a href=""https://htmlpreview.github.io/?https://github.com/HERA-Team/H6C_Notebooks/blob/main/antenna_report/antenna_185_report.html"" target=""_blank"">185</a>",N14,RF_maintenance,1.0,0.0,0.0,0.0,4.7023306053387115,-0.3440473445011658,3.5018740667207418,0.6192435173801242,3.032795477494015,-0.27888766960763867,-2.045957256541302,-0.8226846849315366,0.6197003498936909,0.6591370881040598,0.34560662405975184
153,"<a href=""https://htmlpreview.github.io/?https://github.com/HERA-Team/H6C_Notebooks/blob/main/antenna_report/antenna_186_report.html"" target=""_blank"">186</a>",N14,digital_ok,0.0,0.0,0.0,0.0,2.2602179763633288,-0.8588221489458597,0.27213356524275023,-0.519822535265483,-0.5790136802351289,-0.6799014036826666,-0.8208968510605194,-0.8305623159539709,0.6283584260092745,0.6575165788690824,0.3431148034447866
154,"<a href=""https://htmlpreview.github.io/?https://github.com/HERA-Team/H6C_Notebooks/blob/main/antenna_report/antenna_187_report.html"" target=""_blank"">187</a>",N14,digital_ok,1.0,0.0,0.0,0.0,8.628244368894732,-0.9279526923887423,10.362123167741247,-0.4578643756175468,4.364567689684293,0.45900159813881825,1.173956685274127,0.15884172465052224,0.30483973730977515,0.6405865146663847,0.42592108139150964
155,"<a href=""https://htmlpreview.github.io/?https://github.com/HERA-Team/H6C_Notebooks/blob/main/antenna_report/antenna_189_report.html"" target=""_blank"">189</a>",N15,digital_ok,1.0,1.0,1.0,0.0,,,inf,inf,,,,,,,
156,"<a href=""https://htmlpreview.github.io/?https://github.com/HERA-Team/H6C_Notebooks/blob/main/antenna_report/antenna_190_report.html"" target=""_blank"">190</a>",N15,digital_ok,1.0,1.0,1.0,0.0,,,inf,inf,,,,,,,
157,"<a href=""https://htmlpreview.github.io/?https://github.com/HERA-Team/H6C_Notebooks/blob/main/antenna_report/antenna_191_report.html"" target=""_blank"">191</a>",N15,digital_ok,1.0,1.0,1.0,0.0,,,inf,inf,,,,,,,
158,"<a href=""https://htmlpreview.github.io/?https://github.com/HERA-Team/H6C_Notebooks/blob/main/antenna_report/antenna_192_report.html"" target=""_blank"">192</a>",N16,digital_ok,1.0,0.0,0.0,0.0,2.405238251049035,6.053036475919837,2.5551169453010565,4.100373552991561,2.5882908483272624,5.793547798228124,-0.6524112835472979,-3.565568164571263,0.5482055125507431,0.5319184472483572,0.3671538236080045
159,"<a href=""https://htmlpreview.github.io/?https://github.com/HERA-Team/H6C_Notebooks/blob/main/antenna_report/antenna_193_report.html"" target=""_blank"">193</a>",N16,digital_ok,1.0,0.0,0.0,0.0,6.819802935221192,0.3963367180510008,4.467118154836088,0.8058864757555532,4.645739449331986,0.7281042191556086,-3.583584881059691,-0.40412799296089047,0.515604750816174,0.5560410986087171,0.3816726485508012
160,"<a href=""https://htmlpreview.github.io/?https://github.com/HERA-Team/H6C_Notebooks/blob/main/antenna_report/antenna_200_report.html"" target=""_blank"">200</a>",N18,RF_maintenance,1.0,1.0,0.34989200863930886,0.0,12.369456461063404,36.88745574393888,5.260504549839674,-0.06549145756493872,5.959596557311526,3.371478781489219,2.5421935281245194,10.929698944203016,0.042390103093069044,0.24893670016456812,0.16054515455339405
161,"<a href=""https://htmlpreview.github.io/?https://github.com/HERA-Team/H6C_Notebooks/blob/main/antenna_report/antenna_201_report.html"" target=""_blank"">201</a>",N18,RF_maintenance,1.0,0.0,0.0,0.0,2.9407103062209314,4.424696340975762,2.8300899925962164,3.5607492193481267,1.6972176732148592,4.906319700791263,-1.4957201011575776,-3.023945137580166,0.6101794022659749,0.6144557981885534,0.338744204712348
162,"<a href=""https://htmlpreview.github.io/?https://github.com/HERA-Team/H6C_Notebooks/blob/main/antenna_report/antenna_202_report.html"" target=""_blank"">202</a>",N18,digital_ok,1.0,0.0,0.0,0.0,0.5388933310237481,2.784482548446625,1.3533612681007998,-1.343219496358584,0.48459055813334545,-0.23465025390140434,-1.4700486983893404,24.62961180691704,0.6276109813466062,0.6235234385898131,0.3261184357566211
163,"<a href=""https://htmlpreview.github.io/?https://github.com/HERA-Team/H6C_Notebooks/blob/main/antenna_report/antenna_204_report.html"" target=""_blank"">204</a>",N19,RF_maintenance,1.0,0.0,0.0,0.0,9.782419994494497,13.975582293801716,1.463748311513659,-0.9749039205391076,0.44679414358419633,0.7063734040600459,20.50140909423255,1.516528352175691,0.6380287676247726,0.656756422356476,0.3411299479647844
164,"<a href=""https://htmlpreview.github.io/?https://github.com/HERA-Team/H6C_Notebooks/blob/main/antenna_report/antenna_205_report.html"" target=""_blank"">205</a>",N19,RF_ok,1.0,0.0,0.0,0.0,9.102422094527732,0.8387917152284236,3.8600374435165095,-0.8979173275076161,3.841638680035748,-0.7868823997170608,83.39868561175028,4.6397031995886335,0.38974432159958694,0.6282420011601444,0.41149470384424086
165,"<a href=""https://htmlpreview.github.io/?https://github.com/HERA-Team/H6C_Notebooks/blob/main/antenna_report/antenna_206_report.html"" target=""_blank"">206</a>",N19,RF_ok,1.0,0.0,0.0,0.0,-0.5283542381023703,6.078724419985155,-0.9192991222286049,3.1099811374946356,5.928700607933299,1.5062295285075387,-0.35054032095329984,0.4270467792448332,0.5903658068614416,0.5125470262680297,0.34901090718483974
166,"<a href=""https://htmlpreview.github.io/?https://github.com/HERA-Team/H6C_Notebooks/blob/main/antenna_report/antenna_207_report.html"" target=""_blank"">207</a>",N19,RF_ok,1.0,0.0,0.0,0.0,-0.8038104342207543,2.00638686002089,-0.8939388213460229,-0.2941046268951568,-0.9879152131110547,1.6091660267100174,7.002045090875979,-0.18622908840502175,0.5941100180610391,0.5911009464133336,0.34076704252354906
167,"<a href=""https://htmlpreview.github.io/?https://github.com/HERA-Team/H6C_Notebooks/blob/main/antenna_report/antenna_208_report.html"" target=""_blank"">208</a>",N20,dish_maintenance,1.0,1.0,1.0,0.0,,,inf,inf,,,,,,,
168,"<a href=""https://htmlpreview.github.io/?https://github.com/HERA-Team/H6C_Notebooks/blob/main/antenna_report/antenna_209_report.html"" target=""_blank"">209</a>",N20,dish_maintenance,1.0,1.0,1.0,0.0,,,inf,inf,,,,,,,
169,"<a href=""https://htmlpreview.github.io/?https://github.com/HERA-Team/H6C_Notebooks/blob/main/antenna_report/antenna_210_report.html"" target=""_blank"">210</a>",N20,dish_maintenance,1.0,1.0,1.0,0.0,,,inf,inf,,,,,,,
170,"<a href=""https://htmlpreview.github.io/?https://github.com/HERA-Team/H6C_Notebooks/blob/main/antenna_report/antenna_211_report.html"" target=""_blank"">211</a>",N20,RF_ok,1.0,1.0,1.0,0.0,,,inf,inf,,,,,,,
171,"<a href=""https://htmlpreview.github.io/?https://github.com/HERA-Team/H6C_Notebooks/blob/main/antenna_report/antenna_220_report.html"" target=""_blank"">220</a>",N18,RF_maintenance,0.0,0.0,0.0,0.0,-1.18033494148116,-0.9186962437283818,0.2539412627877779,-0.6912900839344135,-0.9248520028280148,-0.7909381632776099,3.2707946976489675,-1.2629208919101769,0.6143592788354337,0.6200414406903119,0.3330085784425599
172,"<a href=""https://htmlpreview.github.io/?https://github.com/HERA-Team/H6C_Notebooks/blob/main/antenna_report/antenna_221_report.html"" target=""_blank"">221</a>",N18,RF_ok,1.0,0.0,0.0,0.0,1.4586495062493074,-0.33806089900321884,-1.3660295450042286,-1.018918638923725,0.9435817532417043,-1.0689740925260522,9.919861980452772,-0.4507420694687078,0.5997730714385704,0.6292631648955096,0.3359706301465134
173,"<a href=""https://htmlpreview.github.io/?https://github.com/HERA-Team/H6C_Notebooks/blob/main/antenna_report/antenna_222_report.html"" target=""_blank"">222</a>",N18,RF_ok,0.0,0.0,0.0,0.0,-0.0909694363241387,-0.265937848155971,-0.3736425917468701,-0.1472140399944407,-0.7840534825685933,-0.8327185877443666,2.1810150845198577,-1.4430649985355344,0.6135069290659815,0.6340120051440526,0.33854744535038833
174,"<a href=""https://htmlpreview.github.io/?https://github.com/HERA-Team/H6C_Notebooks/blob/main/antenna_report/antenna_223_report.html"" target=""_blank"">223</a>",N19,RF_ok,0.0,0.0,0.0,0.0,-0.7870621579590639,-0.6641375013283595,-1.114935612868227,0.18085755191924535,-1.1286157441599702,-0.5918901416117148,0.8775371797701836,1.615154589457022,0.5992336793426521,0.6306536684006112,0.34233669050013305
175,"<a href=""https://htmlpreview.github.io/?https://github.com/HERA-Team/H6C_Notebooks/blob/main/antenna_report/antenna_224_report.html"" target=""_blank"">224</a>",N19,RF_ok,1.0,0.0,0.0,0.0,7.116086073286616,5.5444052441141025,4.716370933916918,4.053584540659499,4.975049855586968,5.6414313525057755,-3.6417601434273097,-3.046207542639581,0.5780379996793976,0.5948950629803058,0.3465164934991595
176,"<a href=""https://htmlpreview.github.io/?https://github.com/HERA-Team/H6C_Notebooks/blob/main/antenna_report/antenna_225_report.html"" target=""_blank"">225</a>",N19,RF_ok,1.0,0.0,0.8212742980561555,0.0,-0.4904639888888646,13.918360382868471,0.5569046370078333,5.808058714484446,-0.7722222331032431,6.955019677811282,-1.27922059545623,2.3650395026664404,0.6018724171558957,0.15520642594767783,0.48419924038431905
177,"<a href=""https://htmlpreview.github.io/?https://github.com/HERA-Team/H6C_Notebooks/blob/main/antenna_report/antenna_226_report.html"" target=""_blank"">226</a>",N19,RF_ok,1.0,0.0,0.0,0.0,-0.42484445949983285,19.99753919829583,-0.7226135098398128,0.3216411923908421,-1.175862210111816,3.662212326968576,-0.9542832987494214,-0.4484020256778158,0.5802390079655231,0.4934472400635989,0.3321823608918566
178,"<a href=""https://htmlpreview.github.io/?https://github.com/HERA-Team/H6C_Notebooks/blob/main/antenna_report/antenna_227_report.html"" target=""_blank"">227</a>",N20,RF_ok,1.0,1.0,1.0,0.0,,,inf,inf,,,,,,,
179,"<a href=""https://htmlpreview.github.io/?https://github.com/HERA-Team/H6C_Notebooks/blob/main/antenna_report/antenna_228_report.html"" target=""_blank"">228</a>",N20,RF_maintenance,1.0,1.0,1.0,0.0,,,inf,inf,,,,,,,
180,"<a href=""https://htmlpreview.github.io/?https://github.com/HERA-Team/H6C_Notebooks/blob/main/antenna_report/antenna_229_report.html"" target=""_blank"">229</a>",N20,RF_maintenance,1.0,1.0,1.0,0.0,,,inf,inf,,,,,,,
181,"<a href=""https://htmlpreview.github.io/?https://github.com/HERA-Team/H6C_Notebooks/blob/main/antenna_report/antenna_237_report.html"" target=""_blank"">237</a>",N18,RF_ok,0.0,0.0,0.0,0.0,2.3746778250397407,-0.22953277943733275,0.36002148276023505,-1.2854483531944034,-0.7602937261466505,-0.32898988816344565,0.14500457065426714,-0.8172589842725144,0.5496309014906136,0.5980185135998727,0.34944042258188424
182,"<a href=""https://htmlpreview.github.io/?https://github.com/HERA-Team/H6C_Notebooks/blob/main/antenna_report/antenna_238_report.html"" target=""_blank"">238</a>",N18,RF_ok,0.0,0.0,0.0,0.0,0.2549478630483027,-0.20240295690661983,1.1273780525474049,0.5747460846089931,0.022779417470411584,-0.5809657424987364,-1.9302578523736404,-1.9767243769807301,0.6011056190212867,0.6148827828792801,0.34442639395518104
183,"<a href=""https://htmlpreview.github.io/?https://github.com/HERA-Team/H6C_Notebooks/blob/main/antenna_report/antenna_239_report.html"" target=""_blank"">239</a>",N18,RF_ok,0.0,0.0,0.0,0.0,-0.8410912921413007,-0.6739318336931506,0.23862913570169922,0.27097443012907135,-0.2873680970655925,-0.41470556829057154,-0.6805111020575084,0.4778460454587705,0.6062778364659281,0.6176742176975373,0.34458328041486486
184,"<a href=""https://htmlpreview.github.io/?https://github.com/HERA-Team/H6C_Notebooks/blob/main/antenna_report/antenna_240_report.html"" target=""_blank"">240</a>",N19,RF_maintenance,1.0,0.0,0.0,0.0,0.2511214429256721,0.13369575775462403,-0.565835743043708,-1.2247711032785165,-0.813423559125564,-1.191407295226534,10.253314305695202,4.6820524399028045,0.5971933435621648,0.6133137627978796,0.3454143288520348
185,"<a href=""https://htmlpreview.github.io/?https://github.com/HERA-Team/H6C_Notebooks/blob/main/antenna_report/antenna_241_report.html"" target=""_blank"">241</a>",N19,RF_ok,0.0,0.0,0.0,0.0,-0.9648513944130683,-1.1451662116789707,-0.5474398454322298,-0.1328946664011012,-1.0364159153312316,-0.8776022725518644,1.074197724011877,-0.7438631976904417,0.594206560338947,0.613868182286497,0.3575054171796947
186,"<a href=""https://htmlpreview.github.io/?https://github.com/HERA-Team/H6C_Notebooks/blob/main/antenna_report/antenna_242_report.html"" target=""_blank"">242</a>",N19,RF_ok,1.0,0.0,0.0,0.0,22.46632889454471,0.25933953808173893,-0.35681683454756796,0.9186406256211731,1.4155659102738747,0.6200552712465401,-1.0606171320009903,-0.2659294309980067,0.45750789301184686,0.6012564840298957,0.35921729339104536
187,"<a href=""https://htmlpreview.github.io/?https://github.com/HERA-Team/H6C_Notebooks/blob/main/antenna_report/antenna_243_report.html"" target=""_blank"">243</a>",N19,RF_ok,1.0,0.0,0.0,0.0,20.576456282601256,-0.9191778315875501,0.7520555356599513,-1.1685261558016635,1.9836107335817428,-0.6134915796330883,-1.001724454187244,0.1172408340337501,0.45057840373059516,0.5779864280249936,0.3608964741926692
188,"<a href=""https://htmlpreview.github.io/?https://github.com/HERA-Team/H6C_Notebooks/blob/main/antenna_report/antenna_244_report.html"" target=""_blank"">244</a>",N20,RF_maintenance,1.0,1.0,1.0,0.0,,,inf,inf,,,,,,,
189,"<a href=""https://htmlpreview.github.io/?https://github.com/HERA-Team/H6C_Notebooks/blob/main/antenna_report/antenna_245_report.html"" target=""_blank"">245</a>",N20,RF_ok,1.0,1.0,1.0,0.0,,,inf,inf,,,,,,,
190,"<a href=""https://htmlpreview.github.io/?https://github.com/HERA-Team/H6C_Notebooks/blob/main/antenna_report/antenna_246_report.html"" target=""_blank"">246</a>",N20,dish_maintenance,1.0,1.0,1.0,0.0,,,inf,inf,,,,,,,
191,"<a href=""https://htmlpreview.github.io/?https://github.com/HERA-Team/H6C_Notebooks/blob/main/antenna_report/antenna_261_report.html"" target=""_blank"">261</a>",N20,RF_ok,1.0,1.0,1.0,0.0,,,inf,inf,,,,,,,
192,"<a href=""https://htmlpreview.github.io/?https://github.com/HERA-Team/H6C_Notebooks/blob/main/antenna_report/antenna_262_report.html"" target=""_blank"">262</a>",N20,dish_maintenance,1.0,1.0,1.0,0.0,,,inf,inf,,,,,,,
193,"<a href=""https://htmlpreview.github.io/?https://github.com/HERA-Team/H6C_Notebooks/blob/main/antenna_report/antenna_320_report.html"" target=""_blank"">320</a>",N03,dish_maintenance,0.0,0.0,0.0,0.0,3.53205470261958,1.0881142337904979,2.280316635719754,0.8503269478622106,1.1353619789095175,0.31913275077247544,-0.7804513299245295,0.5148636426581289,0.4847395118334618,0.4998774145906096,0.36033357530104343
194,"<a href=""https://htmlpreview.github.io/?https://github.com/HERA-Team/H6C_Notebooks/blob/main/antenna_report/antenna_324_report.html"" target=""_blank"">324</a>",N04,not_connected,1.0,1.0,1.0,0.0,,,inf,inf,,,,,,,
195,"<a href=""https://htmlpreview.github.io/?https://github.com/HERA-Team/H6C_Notebooks/blob/main/antenna_report/antenna_325_report.html"" target=""_blank"">325</a>",N09,dish_ok,0.0,0.0,0.0,0.0,1.2346626605894113,-0.9677142456693105,0.9443500275184099,-1.2891179068204752,0.17616553906381258,-1.1729957065357306,-1.6535729938410535,0.7865065094072861,0.49640849187797614,0.4981313187045945,0.35110599381319196
196,"<a href=""https://htmlpreview.github.io/?https://github.com/HERA-Team/H6C_Notebooks/blob/main/antenna_report/antenna_329_report.html"" target=""_blank"">329</a>",N12,dish_maintenance,1.0,0.0,0.0,0.0,1.7845860106434623,-0.07945693262952132,-1.1636150953785942,-1.2783651908243634,-0.9061288072800886,-0.9743443656507873,4.665784404956144,0.051594072278625926,0.46207999945153566,0.4833318648932432,0.3421731506869458
197,"<a href=""https://htmlpreview.github.io/?https://github.com/HERA-Team/H6C_Notebooks/blob/main/antenna_report/antenna_333_report.html"" target=""_blank"">333</a>",N12,dish_maintenance,0.0,0.0,0.0,0.0,3.19339480980799,3.6173949536270595,-0.6621564910805848,-1.1180542147916193,-1.041242209161145,-0.5353818831634539,1.1036491623814535,0.5448154950947484,0.4434764420429564,0.4615574358666684,0.3224895755480626
